topic_id,graph_id,text1,text2
over_the_counter_morning_after_pill (de),micro_b037,"Die ""Pille danach"" sollte rezeptfrei in der Apotheke erhältlich sein. Auch mit modernsten Verhütungsmethoden kann es zu Fehlern und Problemen kommen und eine ungewollte Schwangerschaft kann sowohl für die Eltern als auch das Kind eine schwere Belastung für den Rest des Lebens darstellen. Manche befürchten einen zu sorglosen Umgang mit solchen Mitteln, doch sollte diesem Problem lieber mit ausführlicher, vorheriger Aufklärung begegnet werden.","Die ""Pille danach"" sollte rezeptfrei in der Apotheke erhältlich sein, um in unerwarteten Notfällen schnell und barrierefrei zugreifen zu können. Trotz modernster Verhütungsmethoden können Fehler und Probleme auftreten, wodurch ungewollte Schwangerschaften entstehen können, die für Eltern und Kind eine lebenslange Belastung darstellen können. Anstatt Bedenken hinsichtlich eines potenziell sorglosen Umgangs mit solchen Mitteln zu hegen, sollte diesem Aspekt durch umfassende, vorherige Aufklärung und Bildung vorgebeugt werden, um eine informierte Entscheidungsfindung zu fördern."
higher_dog_poo_fines (de),micro_b002,"In Friedrichshain und Neukölln ist es mittlerweile ein alltägliches Problem, ständig den Boden nach Hundekot absuchen zu müssen, um unangenehme Überraschungen zu vermeiden. Wer Pech hat und trotzdem in eine der zahlreichen ""Hinterlassenschaften"" tritt, muss sich zudem die mühsame Prozedur des Entfernens von der Schuhsohle antun. Höhere Geldstrafen könnten ein effektives Mittel sein, um nachlässige, faule oder einfach gedankenlose Hundebesitzer zur Verantwortung zu ziehen. Zwar müssen diese zunächst von den wenigen Ordnungshütern ertappt werden, doch bei einem empfindlichen Treffen in der Brieftasche dürfte das Verhalten schnell angepasst werden, da der finanzielle Nachteil die Nachteile der Faulheit überwiegt.","In Friedrichshain oder Neukölln kann man sich heutzutage nicht mehr bewegen, ohne permanent den Boden nach Hundehaufen abzusuchen. Und wenn man doch mal Pech hat und eine der vielen ""Tretminen"" trifft, muss man sich die stinkenden Hinterlassenschaften mühselig von der Sohle kratzen. Höhere Geldstrafen sind da das richtige Mittel gegen nachlässige, faule oder einfach gedankenlose Hundehalter. Klar, die müssen erstmal von den wenigen Ordnungsbeamten erwischt werden, aber wenn sie dann die Brieftasche zücken müssen, wird ihnen die Faulheit schon vergehen!"
charge_tuition_fees (de),micro_b028,"Die Universitäten in Deutschland sollten auf keinen Fall Studiengebühren erheben. Dadurch würde finanziell schwächer Gestellten der Zugang erschwert oder verwehrt. Die erhofften Ziele von Studiengebühren können auf andere Weise erreicht werden. Als Motivation für eine straffere Studiendisziplin gibt es andere Instrumentarien. Und zur Finanzierung sollte u. a. geprüft werden, wie bei Studenten aus anderen (Bundes-) Ländern die Kosten von diesen zu erstatten sind.","Die Einführung von Studiengebühren an deutschen Universitäten ist abzulehnen, da sie den finanziell schwächeren Studierenden den Zugang erschwert oder unmöglich macht. Alternativen können die gewünschten Ziele effektiver erreichen. So können andere Instrumente, wie flexible Prüfungsfristen oder individuelle Studienpläne, die Studiendisziplin fördern, ohne benachteiligende Hürden zu schaffen. Zur Finanzierung sollten stattdessen innovative Ansätze in Betracht gezogen werden, beispielsweise die Überprüfung von Kostenrückerstattungsmodellen für Studierende aus anderen Bundesländern oder die Stärkung von Stipendienprogrammen, um Chancengleichheit zu wahren."
school_uniforms (de),micro_b038,"Schuluniformen sollten an unseren Schulen wieder eingeführt werden, um in unserer wirtschaftlich geprägten Gesellschaft eine oberflächliche Gleichberechtigung zu fördern, die Diskriminierung finanziell und/oder sozial benachteiligter Kinder zu reduzieren. Zusätzlich kann dies die Identifizierung von Schulschwänzern erleichtern, die möglicherweise versuchen, einige Stunden zu schwänzen. Obwohl Uniformen oft Bedenken hinsichtlich des Verlusts der Individualität hervorrufen, mangelt es heutigen Schulen eher an authentischem Gemeinschaftsgefühl, das durch ein einheitliches Erscheinungsbild möglicherweise gestärkt werden kann.","Schuluniformen sollten an unseren Schulen wieder eingeführt werden. Dies sorgt in unserer stark auf wirtschaftlichen Erfolg ausgerichteten Gesellschaft für eine zumindest oberflächliche Gleichmachung, was Diskriminierung finanziell und/oder sozial schlechter gestellter Kinder reduzieren kann. Außerdem erleichtert es das Finden von Schulschwänzern, die sich vielleicht ein paar letzte Schulstunden sparen wollen. Uniformen rufen immer sogleich die Angst vor Verlust der Individualität hervor, doch ist das, was an heutigen Schulen fehlt, eher der echte Gemeinschaftssinn, der durch ein gleiches gemeinsames Auftreten unter Umständen gestärkt wird."
cap_rent_increases (de),micro_b024,"Einführung eines Mietpreisdeckels bei Wohnungswechsel kann effektiv dem Mietwucher entgegenwirken. Die Knappheit an bezahlbarem Wohnraum unterstreicht die Notwendigkeit dieser Maßnahme. Da für den Großteil der Bevölkerung der Bedarf nach einer grundsätzlichen Wohnmöglichkeit im Vordergrund steht und nicht nach luxuriösem Wohnen, kann eine Begrenzung der Mietpreiserhöhungen Abhilfe schaffen. Zudem erfolgen im Laufe eines Lebens durchschnittlich 3-10 Umzüge, bedingt durch wechselnde Wohnraumbedürfnisse (z.B. aufgrund von Familienplanung, beruflicher Veränderung oder Alter), was die Dringlichkeit einer solchen Regelung unterstreicht.","Dem Mietwucher sollte durch Begrenzung der Mietpreiserhöhung bei Wohnungswechsel ein Riegel vorgeschoben werden. Denn bezahlbarer Wohnraum ist knapp. Zudem ist ein hoher Luxusgrad (teure Wohnungen) für die Mehrheit der Menschen nicht notwendig, sondern vielmehr eine Wohnung überhaupt. Außerdem muss jeder in seinem Leben ca. 3-10 Mal umziehen, weil sich die Größe der gewünschten Wohnung im Laufe eines Lebens ändert."
health_insurance_cover_complementary_medicine (de),micro_b035,"Naturheilverfahren sind in vielen Bereichen erwiesene gesundheitsfördernde Behandlungsmethoden, die häufig preiswerter als Medikamente der Schulmedizin sind, die ja auch bezahlt werden. Oft sind Naturheilverfahren für die Patienten nicht so sehr belastend. Diese Heilverfahren können durch das aktive Mittun der Patienten häufig Besserung des Zustandes bewirken. Die Kassen müssen befähigt werden, die Entscheidung des Arztes für eine Naturheilbehandlung anzuerkennen und auch zu bezahlen.","Naturheilverfahren haben in zahlreichen Bereichen ihre gesundheitsfördernde Wirkung nachgewiesen und bieten oft eine kostengünstigere Alternative zu konventionellen Medikamenten, die üblicherweise erstattet werden. Darüber hinaus tendieren Naturheilverfahren dazu, den Patienten weniger Belastungen aufzubürden. Durch die aktive Einbindung der Patienten können diese Behandlungsmethoden häufig eine deutliche Besserung des Gesundheitszustands erzielen. Daher sollten die Krankenkassen in die Lage versetzt werden, die Entscheidung eines Arztes für eine Naturheilbehandlung anzuerkennen und entsprechend zu erstatten, um Patienten eine umfassende und patientenzentrierte Gesundheitsversorgung zu ermöglichen."
public_broadcasting_fees_on_demand (de),micro_b014,"Eigentlich sollten nur die einen Rundfunkbeitrag zahlen, die auch wirklich ARD, ZDF, Arte usw. gucken. Es ist ja an und für sich gut, ein anspruchsvolleres Programm durch Gebühren zu unterstützen. Kurioserweise gibt es jedoch trotzdem Werbung und Produktplatzierung auf den Öffentlichen. Wofür zahlt man dann noch? Dass immer die gleichen Schauspieltruppen sich einen Lenz an exotischen Drehorten machen? Auch die Drehbücher sind oft voneinander abgekupfert.","Tatsächlich wäre es fair, wenn nur diejenigen den Rundfunkbeitrag leisten müssten, die tatsächlich regelmäßig Sender wie ARD, ZDF oder Arte konsumieren. Die Finanzierung anspruchsvoller Programme via Gebühren ist grundsätzlich zu begrüßen. Es wirft jedoch Fragen auf, warum trotz bestehender Gebühren weiterhin Werbung und Produktplatzierung in öffentlich-rechtlichen Sendern vorkommen. Was deckt der Rundfunkbeitrag dann ab? Soll er dazu beitragen, dass dieselben Schauspielensembles aufwändige Produktionen an exotischen Drehorten realisieren können? Zudem ähneln sich viele Drehbücher stark, was den Mehrwert der Gebührenfinanzierung in Frage stellt."
introduce_capital_punishment (de),micro_k020,"Trotz der Existenz der Todesstrafe in den USA kommt es dort signifikant häufiger zu Morden als in Deutschland. Dies deutet darauf hin, dass die Angst vor der Todesstrafe als Abschreckung für potenzielle Mörder nicht wirksam ist. Das Prinzip ""Auge um Auge"" erweist sich in diesem Kontext als unzureichend. Die primäre Verantwortung des Staates besteht darin, Morde durch Prävention zu verhindern, anstatt sie durch Rache zu ahnden. Eine Wiedereinführung der Todesstrafe in Deutschland würde eine rückwärtsgewandte Entwicklung darstellen, die den Fortschritten in der Strafrechtsreform und dem humanitären Strafvollzug zuwiderlaufen würde.","Trotz Todesstrafe geschehen in den USA signifikant mehr Morde als in Deutschland. Die Angst vor Bestrafung schreckt Mörder also nicht ab. ""Auge um Auge"" scheint seinen Sinn zu verfehlen. Der Staat soll Morde verhindern - nicht rächen. Eine Wiedereinführung der Todesstrafe in Deutschland wäre ein Rückschritt ins Mittelalter."
introduce_capital_punishment (de),micro_b006,"

Die Todesstrafe als Rechtsmittel ist in Deutschland nicht anwendbar und hierfür gibt es zwei zentrale Gründe. Erstens ist die unantastbare Menschenwürde in unserer Verfassung verankert, was die Anwendung der Todesstrafe fundamental widerspricht. Zweitens liegt es außerhalb der menschlichen Rechtsmacht, über das Leben eines anderen zu entscheiden. Zwar mögen viele argumentieren, dass ein Mörder bereits eine Entscheidung über Leben und Tod getroffen hat, doch genau dies stellt die Straftat dar, die wir nicht durch eine gleichartige Tat, wie die Todesstrafe, vergelten dürfen, da dies unseren Rechtsstaatprinzipien zuwiderlaufen würde.@

**Verbesserungen:**

*   **Klarere Struktur:** Die Argumentation ist nun in zwei klare Punkte unterteilt, was die Lesbarkeit verbessert.
*   **Präzisierung der Begründung:** Die Menschenwürde wird als fundamentalen Widerspruch zur Todesstrafe hervorgehoben.
*   **Erweiterung des zweiten Punktes:** Die Unangemessenheit, über Leben und Tod zu entscheiden, wird nuancierter durch den Hinweis auf die Rechtsstaatprinzipien unterstrichen.
*   **Formulierungsverbesserungen:** Die Sprache wurde flüssiger und prägnanter, ohne den ursprünglichen Inhalt zu verändern.","Die Todesstrafe ist ein Rechtsmittel, welches als solches in Deutschland nicht anwendbar ist. Zum einen ist in unserer Verfassung eine unantastbare Menschenwürde verankert und zum anderen kann sich kein Mensch ein Recht herausnehmen, über den Tod eines anderen Menschen entscheiden zu dürfen. Auch wenn viele Menschen denken, dass ein Mörder bereits über Leben und Tod eines anderen Menschen entschieden hat, ist dies ja die Straftat, die wir nicht mit eben solcher vergelten können."
increase_weight_of_BA_thesis_in_final_grade (de),micro_b016,"Die Idee des Bachelorstudiums ist, die Gesamtnote aus zahlreichen Einzelleistungen zusammenzusetzen, um die Endnote zu generieren. Dies entspricht auch eher der späteren Arbeitswelt, in der Leistung nicht singulär, sondern regelmäßig und über längere Zeit hinweg erbracht werden soll. Daher macht es Sinn, dass die Bachelorarbeit nur einen relativ kleinen Teil der Endnote ausmacht (15 von 120 SP). Allerdings differiert der unterschiedliche Aufwand für die einzelnen, teils gleichwertigen Module stark. Es wäre also sinnvoll, den Aufwand der Abschlussarbeit(en) entsprechend anzupassen.","Die Idee des Bachelorstudiums besteht darin, die Gesamtnote aus einer Vielzahl von Einzelleistungen zu aggregieren, um eine umfassende Endnote zu erzeugen. Dieser Ansatz spiegelt auch die spätere Arbeitswelt wider, in der Leistung nicht punktuell, sondern kontinuierlich und über einen längeren Zeitraum hinweg erbracht werden muss. Folglich ist es konsequent, dass die Bachelorarbeit einen verhältnismäßig kleinen Anteil an der Endnote ausmacht (15 von 120 ECTS). Allerdings weist der erforderliche Aufwand für die einzelnen, häufig gleichwertigen Module erhebliche Unterschiede auf. Es wäre daher sinnvoll, den Aufwand für die Abschlussarbeit entsprechend anzupassen, um eine faire Gewichtung innerhalb des Gesamtspektrums der Leistungen sicherzustellen."
allow_shops_to_open_on_holidays_and_sundays (de),micro_b060,"Eigentümergeführte Geschäfte mögen initial von der zusätzlichen Arbeitszeit an Sonn- und Feiertagen überfordert sein, doch dominiert der Markt bereits heute durch Supermärkte und große Einkaufszentren. Interessanterweise können kleinere Geschäfte von dieser zusätzlichen Freiheit sogar überproportional profitieren, da Sonntagskunden im Durchschnitt eine entspanntere Einkaufsmentalität aufweisen. Folglich würde eine Öffnung an Sonn- und Feiertagen sowohl Kunden als auch Geschäften zugutekommen, indem sie von einer erhöhten Kaufbereitschaft und flexiblen Öffnungszeiten profitieren.","Eigentümergeführte Geschäfte werden möglicherweise von der zusätzlichen Arbeitszeit an Sonn- und Feiertagen überfordert, allerdings dominieren bereits heute Supermärkte und große Einkaufszentren den Markt. So können auch kleinere Geschäfte von der zusätzlichen Freiheit profitieren, da die Kunden am Sonntag im Durchschnitt entspannter einkaufen. Eine Öffnung an Sonn- und Feiertagen würde daher Kunden und Geschäften helfen."
higher_dog_poo_fines (de),micro_b040,"Es wäre gerechtfertigt, deutlich höhere Geldstrafen für das Liegenlassen von Hundekot auf Gehwegen einzuführen. Das ungewollte Treten in einen Hundehaufen ist nicht nur ekelerregend und kann den gesamten Tag verderben, sondern verursacht auch erhebliche Unannehmlichkeiten durch die mit Dreck und Gestank verbundenen Folgen sowie den oft beträchtlichen Aufwand für die Entsorgung. Darüber hinaus ist es inkonsequent, dass die Strafen für öffentliches Urinieren eines Menschen höher angesetzt sind als für das zurücklassen von Hundekot auf Gehsteigen. Die verbreitete Annahme einiger Hundehalter, dass die entrichtete Hundesteuer auch die Entsorgung solcher Verschmutzungen abdecke, wäre eine gefährliche Logik, da sie, konsequent zu Ende gedacht, bedeuten würde, dass steuerzahlende Bürger für nahezu keine Straftaten mehr zur Rechenschaft gezogen werden müssten. ","Es sollte viel höhere Geldstrafen für auf Gehwegen hinterlassene Hundehaufen geben. In einen Hundehaufen zu treten ist eine widerliche und den Tag ungemein verderbende Sache, verursacht durch den Dreck, den Gestank und den teilweise sehr großen Aufwand des Entfernens. Außerdem sind die Strafen für öffentliches Urinieren eines Menschen höher als für das Liegenlassen eines Hundehaufens auf dem Gehsteig, was unangemessen ist. Manche Hundebesitzer meinen, das Zahlen von Hundesteuer bezahle auch die Beseitigung derartiger Verschmutzungen, doch würde man dieser Logik folgen, so wäre der steuerzahlende Bürger für kaum mehr ein Delikt zur Verantwortung zu ziehen."
keep_retirement_at_63 (de),micro_k017,"Die Umsetzung einer Rente ab 63 Jahren ist gesellschaftlich nicht mehr tragfähig, da die Bevölkerung in Deutschland demographisch betrachtet überaltert und es stetig sinkende Geburtenraten zu verzeichnen gibt. Zwar steigt zunehmend die Anzahl an Zuwanderungen nach Deutschland, doch ohne genügend gut ausgebildete Nachwuchsarbeitskräfte gibt es kaum eine Möglichkeit zur ausreichenden Rentenfinanzierung.","Die Umsetzung einer Rente ab 63 Jahren ist gesellschaftlich nicht mehr tragfähig, da Deutschland demographisch mit einer überalternden Bevölkerung und sinkenden Geburtenraten konfrontiert ist. Zuwanderungen nach Deutschland nehmen zwar zu, doch ohne eine signifikante Anzahl gut ausgebildeter, einwandergender Fachkräfte bleibt die nachhaltige Rentenfinanzierung fraglich, da der bestehende demographische Druck nur unzureichend ausgeglichen wird."
over_the_counter_morning_after_pill (de),micro_b042,"
Der Staat sollte medizinische Produkte oder Behandlungen nicht aus moralischen Gründen einschränken, solange sie Dritte nicht schädigen. Dennoch birgt der Verzicht auf eine Rezeptpflicht für die ""Pille danach"" zwei wesentliche Nachteile: 

1. **Fehlende ärztliche Beratung**: Ohne Rezeptpflicht entfällt die obligatorische ärztliche Beratung vor Einnahme, obwohl die Auswirkungen der Pille, insbesondere aufgrund ihrer überwiegend abtreibenden Wirkung, erheblich sein können. Dies könnte zu einer unverhältnismäßigen Risikoerhöhung für die Gesundheit der Anwenderinnen führen.

2. **Auswirkungen auf Verhütungsverhalten und öffentliche Gesundheit**: Ein leichterer Zugang zur ""Pille danach"" könnte sie als komfortabler Ersatz für andere, gesundheitlich unbedenklichere Verhütungsmethoden erscheinen lassen. Dies könnte zu einem Rückgang im Einsatz von Kondomen führen, was wiederum das Risiko steigender HIV-Neuinfektionen und anderer sexuell übertragbarer Krankheiten in sich birgt. Eine ausgewogene Gesundheitspolitik sollte den Zugang zu sicheren Verhütungsmethoden fördern, ohne das Gesundheitsrisiko durch unverantwortlichen Umgang mit medizinischen Notfalllösungen zu erhöhen. ","Der Staat darf ein medizinisches Produkt bzw. eine medizinische Behandlung nicht aus moralischen Gründen einschränken, solange sie niemand anderen schädigt. Aber ohne Rezeptpflicht fällt auch die ärztliche Beratung vor der Einnahme weg. Da die Auswirkungen der Pille danach, gerade wegen ihrer überwiegend abtreibenden Wirkung, so massiv sind, wäre eine Abgabe ohne ärztliche Beratung unverhältnismäßig. Ein leichterer Zugang zur Pille danach könnte außerdem dazu führen, dass sie als bequemerer Weg gegenüber anderen Verhütungsmethoden erscheint, die gesundheitlich aber weniger Folgewirkungen haben. Beispielsweise könnte die Pille danach den Einsatz von Kondomen zurückgehen lassen und so die Aidsneuansteckungen steigen lassen."
allow_shops_to_open_on_holidays_and_sundays (de),micro_k018,"Unsere Gesellschaft droht am ""niemals Feierabend"" zu überhitzen. Obwohl Politiker den christlichen Charakter unseres Landes betonen, wurde in den letzten 20 Jahren der freie Sonntag immer mehr dem Verkauf geopfert. Dabei hat ein freier Tag in der Woche nicht nur den Grund, Zeit für den Kirchgang zu gewinnen. Vielmehr soll den Menschen die Möglichkeit eines mentalen Breaks gegeben werden. Deshalb sollte es einen Tag in der Woche geben, an denen die Supermärkte und Einkaufszentren geschlossen bleiben.","Unsere Gesellschaft droht überlastet zu werden, weil sie nie ""Feierabend"" hat. Trotz des betonten christlichen Charakters unseres Landes wurde der freie Sonntag in den letzten 20 Jahren zunehmend dem Konsum geopfert. Ein wöchentlicher Ruhetag hat jedoch einen tieferen Sinn, der über die bloße Einräumung von Zeit für den Kirchgang hinausgeht. Sein eigentlicher Zweck liegt darin, den Menschen die Möglichkeit eines mentalen Auszeit-Tages zu bieten, um Entspannung und Erholung zu ermöglichen. Daher ist es ratsam, an mindestens einem Wochentag – idealerweise am Sonntag – Supermärkte und Einkaufszentren geschlossen zu halten, um eine gesunde Work-Life-Balance zu fördern."
EU_influence_on_political_events_in_Ukraine (de),micro_b056,"
Der Völkerrechtsbruch sollte ein ausreichender Grund sein, um über eine angemessene Reaktion nachzudenken. Historisch gesehen hat die Menschheit oft den Fehler gemacht, zu lange zu warten, was häufig nur noch kriegerische Konflikte nach sich zog. In einer zivilisierten, demokratischen Welt kann ein souveränes Volk grundsätzlich selbst über seine Zukunft entscheiden, solange die Motivation der Bevölkerung nicht durch Propaganda, Korruption oder militärischen Druck manipuliert wird. Angesichts der dominanten Rolle von Propaganda und Korruption in Russland, neben den Ressourcen Gas und Öl, sollte die EU umgehend intervenieren, um demokratische Werte und Stabilität in der Region zu fördern. ","Der Bruch des Völkerrechts sollte wohl mehr als genug sein, um über eine Reaktion nachzudenken! Die Menschheit hat in ihrer Geschichte genug Fehler gemacht, indem sie zulange gewartet hat und als sie dann reagierte, blieb meist nur noch der Krieg. Allerdings kann in unserer zivilisierten Welt, in einem demokratischen Land, das Volk wohl über sich selbst bestimmen, solange die Motivation dieser Menschen nicht von Propaganda, Korruption und militärischem Druck ausgelöst werden. Da aber in Russland neben Gas und Öl nur Propaganda und Korruption herrschen, sollte sich die EU schleunigst einmischen!"
increase_weight_of_BA_thesis_in_final_grade (de),micro_k023,"Die Bachelor-Arbeit sollte, sofern sie nicht die gesamte Endnote bestimmt, zumindest einen deutlich höheren Anteil an der Gesamtbewertung haben. Denn obwohl eine gute Gesamtnote viele Karrierechancen eröffnet, steht sie für potenzielle Arbeitgeber nicht unbedingt im Vordergrund. Die Bachelor-Arbeit hingegen bietet die einzigartige Gelegenheit, individuelle Interessen und fachspezifische Kompetenzen hervorzuheben, was besonders relevant ist, da selten in allen Studienfächern herausragende Leistungen erbracht werden können.","Die BA-Arbeit soll, wenn nicht die Gesamtnote bilden, dann mindestens einen größeren Anteil daran haben. Denn eine gute Gesamtnote hält zwar viele Türen offen, ist aber für den Arbeitgeber nicht erstrangig. Mit der BA-Arbeit kann man jedoch die Interessen und die Fachkenntnisse besonders gut zeigen. Schließlich ist man nicht in jedem Fach sehr gut."
cap_rent_increases (de),micro_k011,"Mietpreiserhöhungen bei einer Neuvermietung sind an sich nicht so schlimm, wenn es sich nur um einen kleinen Betrag handelt, sehr schlimm allerdings, wenn die Miete auf einmal 100,- bis 200,-€ steigt. Bei diesen Beträgen überlegt man es sich noch einmal, ob man wirklich in der Wohnung bleiben will. Wenn es schon Mietpreiserhöhungen gibt, dann soll es also auch eine Beschränkung geben, um bösen Überraschungen vorzubeugen. Den Vermietern ist so geholfen, weil sie mit der Erhöhung ihre Ausgaben anpassen können, und den neuen Mietern ist ebenfalls geholfen, da sie eine maximale Mietpreiserhöhung einkalkulieren können. Dass die Vermieter dann in der Verwaltung ihres Eigentums etwas eingeschränkt werden ist kein Problem, da sie letztendlich ja doch am längeren Hebel sitzen.","Mietpreiserhöhungen bei Neuvermietungen können vertretbar sein, solange sie moderat sind (z.B. kleine Beträge). Allerdings werden sprunghafte Erhöhungen von 100-200€ zu einem kritischen Entscheidungspunkt für Mieter, ob sie verlängern oder gehen sollen. Um unerwartete finanzielle Belastungen zu vermeiden, ist eine angemessene Beschränkung von Mietpreiserhöhungen ratsam. Diese Lösung bietet Vorteile für beide Seiten: Vermieter können ihre Ausgaben anpassen, während neue Mieter maximale Erhöhungen einplanen können. Die dadurch entstehende Einschränkung in der Vermögensverwaltung für Vermieter ist vertretbar, da sie letztlich die stärkere Verhandlungsposition haben."
allow_shops_to_open_on_holidays_and_sundays (de),micro_k004,"Supermärkte und Einkaufszentren sollten an beliebigen Sonn- und Feiertagen geöffnet werden dürfen. Zwar könnte dies für die Angestellten eine Umstellungsphase erfordern, doch würde es berufstätigen Kunden mehr Flexibilität bieten und die Stoßzeiten unter der Woche entlasten. Angesichts der fortschreitenden Digitalisierung unserer Gesellschaft, die traditionelle Wochenend-Strukturen zunehmend relativiert, wäre eine Anpassung der Öffnungszeiten ein Schritt in die Zukunft. Viele europäische Länder, wie die Niederlande, Schweden oder Großbritannien, haben dies bereits erkannt und ihre Ladenöffnungszeiten erfolgreich liberalisiert, was als positives Beispiel für eine erfolgreiche Umsetzung dienen kann.","Supermärkte und Einkaufszentren sollten an beliebigen Sonn- und Feiertagen geöffnet werden dürfen. Das mag für die Angestellten eine Umstellung sein, die sich nicht ohne Weiteres realisieren lässt. Besonders für berufstätige Kunden würde es aber größere Flexibilität und weniger nervenaufreibende Stoßzeiten unter der Woche bedeuten. Mit der zunehmenden Digitalisierung der Gesellschaft wird das herkömmliche Modell des Wochenendes bald überholt sein. Viele europäische Länder, beispielsweise die Niederlande, Schweden oder Großbritannien, haben das bereits erkannt und die Öffnungszeiten der Geschäfte erfolgreich angepasst."
increase_weight_of_BA_thesis_in_final_grade (de),micro_b049,"Die Bachelor-Arbeit spiegelt inhaltlich wie methodisch die erlernten Inhalte des Studiums wieder. Aber man kann sich in der Bachelor-Arbeit mal irren. Wenn diese stärker gewichtet wird, könnte das viele gute Einzelleistungen des Studiums stark überdecken. Eine gute Benotung der Arbeit hängt zudem auch entscheidend von der Betreuung durch einen engagierten Dozenten ab. Aufgrund von zu vielen Zufallsparametern sollte die Bachelor-Arbeit keine größere Rolle spielen.","Die Bachelor-Arbeit reflektiert inhaltlich und methodisch die erlernten Studieninhalte, jedoch birgt sie auch Schwachstellen: Irrtümer können vorkommen. Eine stärkere Gewichtung könnte daher einzelne, ansonsten herausragende Studienleistungen überlagern. Darüber hinaus hängt die Benotung der Arbeit stark von der Qualität der Betreuung durch den Dozenten ab, was weitere Zufallsparameter einführt. Angesichts dieser Unsicherheitsfaktoren sollte die Bachelor-Arbeit daher nicht überproportional zum Endabschluss beitragen."
